{
	"inviscid": {
		"Wing_1_right": {
			"CX": 0.0516463111425393,
			"CY": 0,
			"CZ": -0.393862796669283,
			"Cl": -0.089597879108776,
			"Cm": -0.0313762206846054,
			"Cn": -0.0108978036839431,
			"CL": 0.396847423596102,
			"CD": 0.0175318692647683,
			"L/D": 22.6357736076438
		},
		"Wing_1_left": {
			"CX": 0.0516463111425394,
			"CY": 0,
			"CZ": -0.393862796669283,
			"Cl": 0.089597879108776,
			"Cm": -0.0313762206846054,
			"Cn": 0.0108978036839431,
			"CL": 0.396847423596102,
			"CD": 0.0175318692647683,
			"L/D": 22.6357736076438
		},
		"MyAirplane": {
			"CX": 0.103292622285079,
			"CY": 0,
			"CZ": -0.787725593338567,
			"Cl": 5.38289951333409e-17,
			"Cm": -0.0627524413692108,
			"Cn": 5.04646829375071e-18,
			"CL": 0.793694847192205,
			"CD": 0.0350637385295365,
			"L/D": 22.6357736076438
		}
	},
	"viscous": {
		"Wing_1_right": {
			"CX": -0.0041736550251838,
			"CY": 0,
			"CZ": -0.00054292665856723,
			"Cl": -0.00011462023683115,
			"Cm": 0,
			"Cn": 0.000959066507321964,
			"CL": -0.000190069206659574,
			"CD": 0.00420452605206636,
			"L/D": -0.0452058577603917
		},
		"Wing_1_left": {
			"CX": -0.0041736550251838,
			"CY": 0,
			"CZ": -0.00054292665856723,
			"Cl": 0.00011462023683115,
			"Cm": 0,
			"Cn": -0.000959066507321964,
			"CL": -0.000190069206659573,
			"CD": 0.00420452605206637,
			"L/D": -0.0452058577603917
		},
		"MyAirplane": {
			"CX": -0.0083473100503676,
			"CY": 0,
			"CZ": -0.00108585331713446,
			"Cl": -1.05134756119806e-19,
			"Cm": 0,
			"Cn": 0,
			"CL": -0.000380138413319147,
			"CD": 0.00840905210413273,
			"L/D": -0.0452058577603917
		}
	},
	"total": {
		"Wing_1_right": {
			"CX": 0.0474726561173555,
			"CY": 0,
			"CZ": -0.394405723327851,
			"Cl": -0.0897124993456071,
			"Cm": -0.0313762206846054,
			"Cn": -0.00993873717662112,
			"CL": 0.396657354389443,
			"CD": 0.0217363953168346,
			"L/D": 18.2485342490176
		},
		"Wing_1_left": {
			"CX": 0.0474726561173556,
			"CY": 0,
			"CZ": -0.394405723327851,
			"Cl": 0.0897124993456072,
			"Cm": -0.0313762206846054,
			"Cn": 0.00993873717662112,
			"CL": 0.396657354389443,
			"CD": 0.0217363953168346,
			"L/D": 18.2485342490176
		},
		"MyAirplane": {
			"CX": 0.0949453122347111,
			"CY": 0,
			"CZ": -0.788811446655701,
			"Cl": 5.38289951333409e-17,
			"Cm": -0.0627524413692108,
			"Cn": 5.04646829375071e-18,
			"CL": 0.793314708778886,
			"CD": 0.0434727906336692,
			"L/D": 18.2485342490176
		}
	}
}