{
	"inviscid": {
		"Wing_2_right": {
			"CX": 0.0025275479681663,
			"CY": 0.000631886992040337,
			"CZ": -0.0387020028458776,
			"Cl": -0.00349696727018566,
			"Cm": -0.114018328481508,
			"Cn": -0.000549466037342629,
			"CL": 0.0385529365583587,
			"CD": 0.00423138343108658,
			"L/D": 9.1111895639433
		},
		"Wing_2_left": {
			"CX": 0.0025275479681663,
			"CY": -0.000631886992040337,
			"CZ": -0.0387020028458777,
			"Cl": 0.00349696727018566,
			"Cm": -0.114018328481508,
			"Cn": 0.000549466037342629,
			"CL": 0.0385529365583587,
			"CD": 0.00423138343108658,
			"L/D": 9.1111895639433
		},
		"Wing_3_right": {
			"CX": 0.0522149819312537,
			"CY": 0,
			"CZ": -0.396058179947853,
			"Cl": -0.09007039921433,
			"Cm": -0.0314025935802658,
			"Cn": -0.0110116312044457,
			"CL": 0.399108202715823,
			"CD": 0.0173530621687348,
			"L/D": 22.9992953886203
		},
		"Wing_3_left": {
			"CX": 0.0522149819312536,
			"CY": 0,
			"CZ": -0.396058179947852,
			"Cl": 0.09007039921433,
			"Cm": -0.0314025935802658,
			"Cn": 0.0110116312044457,
			"CL": 0.399108202715823,
			"CD": 0.0173530621687349,
			"L/D": 22.9992953886202
		},
		"MyAirplane": {
			"CX": 0.10948505979884,
			"CY": -1.0842021724855e-19,
			"CZ": -0.86952036558746,
			"Cl": -4.03717463500057e-17,
			"Cm": -0.290841844123548,
			"Cn": -1.00929365875014e-17,
			"CL": 0.875322278548364,
			"CD": 0.0431688911996428,
			"L/D": 20.2766912520469
		}
	},
	"viscous": {
		"Wing_2_right": {
			"CX": -0.000528884073831394,
			"CY": 0.00000277021446920535,
			"CZ": -0.0000327984066557734,
			"Cl": -0.00000302353895401608,
			"Cm": -0.0000939855084013063,
			"Cn": 0.0000423383645412447,
			"CL": -0.000059539630456831,
			"CD": 0.000526544519899992,
			"L/D": -0.11307615634883
		},
		"Wing_2_left": {
			"CX": -0.000528884073831394,
			"CY": -0.00000277021446920536,
			"CZ": -0.0000327984066557734,
			"Cl": 0.00000302353895401609,
			"Cm": -0.0000939855084013062,
			"Cn": -0.0000423383645412447,
			"CL": -0.000059539630456831,
			"CD": 0.000526544519899992,
			"L/D": -0.11307615634883
		},
		"Wing_3_right": {
			"CX": -0.00419803412342703,
			"CY": -2.7672693898697e-7,
			"CZ": -0.000549167405417906,
			"Cl": -0.000115822383532584,
			"Cm": 0,
			"Cn": 0.000963824465131937,
			"CL": -0.000188156656759541,
			"CD": 0.00422961847134564,
			"L/D": -0.0444854915482908
		},
		"Wing_3_left": {
			"CX": -0.00419803412342703,
			"CY": 2.7672693898697e-7,
			"CZ": -0.000549167405417904,
			"Cl": 0.000115822383532583,
			"Cm": 0,
			"Cn": -0.000963824465131937,
			"CL": -0.000188156656759542,
			"CD": 0.00422961847134564,
			"L/D": -0.0444854915482911
		},
		"MyAirplane": {
			"CX": -0.00945383639451685,
			"CY": -1.24937359720009e-20,
			"CZ": -0.00116393162414736,
			"Cl": -5.25673780599032e-20,
			"Cm": -0.000187971016802612,
			"Cn": 0,
			"CL": -0.000495392574432746,
			"CD": 0.00951232598249127,
			"L/D": -0.0520790157259731
		}
	},
	"total": {
		"Wing_2_right": {
			"CX": 0.0019986638943349,
			"CY": 0.000634657206509542,
			"CZ": -0.0387348012525334,
			"Cl": -0.00349999080913967,
			"Cm": -0.114112313989909,
			"Cn": -0.000507127672801384,
			"CL": 0.0384933969279018,
			"CD": 0.00475792795098657,
			"L/D": 8.09036986781611
		},
		"Wing_2_left": {
			"CX": 0.0019986638943349,
			"CY": -0.000634657206509542,
			"CZ": -0.0387348012525334,
			"Cl": 0.00349999080913967,
			"Cm": -0.11411231398991,
			"Cn": 0.000507127672801385,
			"CL": 0.0384933969279019,
			"CD": 0.00475792795098657,
			"L/D": 8.09036986781612
		},
		"Wing_3_right": {
			"CX": 0.0480169478078266,
			"CY": -2.7672693898697e-7,
			"CZ": -0.39660734735327,
			"Cl": -0.0901862215978626,
			"Cm": -0.0314025935802658,
			"Cn": -0.0100478067393138,
			"CL": 0.398920046059064,
			"CD": 0.0215826806400805,
			"L/D": 18.483341004372
		},
		"Wing_3_left": {
			"CX": 0.0480169478078266,
			"CY": 2.7672693898697e-7,
			"CZ": -0.39660734735327,
			"Cl": 0.0901862215978625,
			"Cm": -0.0314025935802658,
			"Cn": 0.0100478067393138,
			"CL": 0.398920046059064,
			"CD": 0.0215826806400805,
			"L/D": 18.4833410043719
		},
		"MyAirplane": {
			"CX": 0.100031223404323,
			"CY": -1.08631975485364e-19,
			"CZ": -0.870684297211608,
			"Cl": -4.03717463500057e-17,
			"Cm": -0.291029815140351,
			"Cn": -1.00929365875014e-17,
			"CL": 0.874826885973931,
			"CD": 0.0526812171821341,
			"L/D": 16.6060492290716
		}
	}
}