{
	"inviscid": {
		"Wing_2_right": {
			"CX": 0.0330397218646633,
			"CY": 0.00823772786701068,
			"CZ": -0.312594262279771,
			"Cl": -0.0777015203081575,
			"Cm": -0.108793696243161,
			"Cn": -0.00942392947470472,
			"CL": 0.313582540532671,
			"CD": 0.0217436497443333,
			"L/D": 14.4217987421544
		},
		"Wing_2_left": {
			"CX": 0.0330397218646633,
			"CY": -0.00823772786701068,
			"CZ": -0.312594262279772,
			"Cl": 0.0777015203081575,
			"Cm": -0.108793696243161,
			"Cn": 0.00942392947470472,
			"CL": 0.313582540532672,
			"CD": 0.0217436497443334,
			"L/D": 14.4217987421543
		},
		"MyAirplane": {
			"CX": 0.0660794437293267,
			"CY": 0,
			"CZ": -0.625188524559543,
			"Cl": -9.25185853854297e-18,
			"Cm": -0.217587392486322,
			"Cn": 3.46944695195361e-18,
			"CL": 0.627165081065343,
			"CD": 0.0434872994886667,
			"L/D": 14.4217987421544
		}
	},
	"viscous": {
		"Wing_2_right": {
			"CX": -0.0033928680419356,
			"CY": -0.00000953930250997329,
			"CZ": -0.000350420453358254,
			"Cl": -0.0000921451944427236,
			"Cm": -0.0000918975092080033,
			"Cn": 0.000811975890381413,
			"CL": -0.000244068573265221,
			"CD": 0.00340217262578841,
			"L/D": -0.0717390327037453
		},
		"Wing_2_left": {
			"CX": -0.0033928680419356,
			"CY": 0.00000953930250997328,
			"CZ": -0.000350420453358254,
			"Cl": 0.0000921451944427236,
			"Cm": -0.0000918975092080033,
			"Cn": -0.000811975890381413,
			"CL": -0.000244068573265221,
			"CD": 0.00340217262578841,
			"L/D": -0.0717390327037452
		},
		"MyAirplane": {
			"CX": -0.0067857360838712,
			"CY": -1.18584612615602e-20,
			"CZ": -0.000700840906716509,
			"Cl": 5.42101086242752e-20,
			"Cm": -0.000183795018416007,
			"Cn": -5.78241158658936e-19,
			"CL": -0.000488137146530443,
			"CD": 0.00680434525157682,
			"L/D": -0.0717390327037452
		}
	},
	"total": {
		"Wing_2_right": {
			"CX": 0.0296468538227277,
			"CY": 0.00822818856450071,
			"CZ": -0.31294468273313,
			"Cl": -0.0777936655026002,
			"Cm": -0.108885593752369,
			"Cn": -0.00861195358432331,
			"CL": 0.313338471959406,
			"CD": 0.0251458223701218,
			"L/D": 12.460856016056
		},
		"Wing_2_left": {
			"CX": 0.0296468538227277,
			"CY": -0.00822818856450071,
			"CZ": -0.31294468273313,
			"Cl": 0.0777936655026002,
			"Cm": -0.108885593752369,
			"Cn": 0.00861195358432331,
			"CL": 0.313338471959406,
			"CD": 0.0251458223701218,
			"L/D": 12.460856016056
		},
		"MyAirplane": {
			"CX": 0.0592937076454555,
			"CY": 0,
			"CZ": -0.625889365466259,
			"Cl": -9.25185853854297e-18,
			"Cm": -0.217771187504738,
			"Cn": 3.46944695195361e-18,
			"CL": 0.626676943918813,
			"CD": 0.0502916447402435,
			"L/D": 12.460856016056
		}
	}
}